strategy,type,annualized_return,volatility,sharpe_ratio,max_drawdown,calmar_ratio,win_rate,var_5pct,total_signals,buy_signals,sell_signals,hit_rate,information_coefficient,r2_score
ML - Linear,Machine Learning,0.005720045305322552,0.00774226275593532,-1.8426755623248336,-0.003274932054979286,1.7466149554540091,0.02052334530528476,0.0,67,45,22,48.85764499121266,0.05215781588012396,-0.11209418206196475
ML - Ridge,Machine Learning,0.0007269970729175679,0.004467996699907191,-4.311396726686311,-0.014275176604778424,0.05092736104394081,0.01693175987685993,0.0,64,27,37,50.08787346221442,0.020980379424004655,-0.10544508717772083
ML - Random_Forest,Machine Learning,0.007034796059851356,0.007498449788481479,-1.7286086345370424,-0.0026132370994301265,2.6919853775937312,0.012827090815802977,0.0,30,21,9,49.73637961335677,0.025779922187237368,-0.21055640836831846
Traditional - Momentum,Rule-based,-0.0015214874149396262,0.007163630250055226,-3.000851770201452,-0.03125102719929937,-0.04868599695096541,0.2021549512570549,-0.000548579335942323,856,523,333,0.0,0.0,0.0
Traditional - Mean Reversion,Rule-based,8.44261658330403e-05,0.00851588565166527,-2.33437901630298,-0.03074617476150093,0.0027459079540117365,0.39712673165726015,-0.0007480831399338194,1538,611,927,0.0,0.0,0.0
Traditional - Pairs Trading,Rule-based,0.002331528075366629,0.007572848154143293,-2.329709071552396,-0.022500624510650075,0.10362059392009594,0.237044638276039,-0.000690460636769874,894,484,410,0.0,0.0,0.0
LLM - LSTM,Deep Learning,0.0,0.0,0.0,0.0,0.0,0.0,0.0,0,0,0,0.900974858902001,0.0,0.8652849793434143
LLM - GRU,Deep Learning,0.0,0.0,0.0,0.0,0.0,0.0,0.0,0,0,0,0.9271421241662391,0.0,0.834482729434967
