model,information_coefficient,hit_rate,r2_score
linear,0.45097800435027696,75.0,-1.6433284124237781
ridge,0.44751669934148597,75.0,-0.23000271368349678
random_forest,0.4928114335300685,50.0,-0.03130980352580526
