strategy,type,annualized_return,volatility,sharpe_ratio,max_drawdown,calmar_ratio,win_rate,var_5pct,total_signals,buy_signals,sell_signals,hit_rate,information_coefficient,r2_score
ML - Linear,Machine Learning,0.08575269439205124,0.019130292277695412,3.2653694308213974,-0.0048002824153390595,17.864093603749822,0.48717948717948717,-0.0014504326207750219,65,58,7,75.0,0.45097800435027696,-1.6433284124237781
ML - Ridge,Machine Learning,0.06826937975497582,0.018174299464168996,2.5426873344097425,-0.0048002824153390595,14.221950678740166,0.4230769230769231,-0.0014504326207750219,58,56,2,75.0,0.44751669934148597,-0.23000271368349678
ML - Random_Forest,Machine Learning,0.01196565267790417,0.0047317857454788675,-1.7105702482999532,0.0,0.0,0.02564102564102564,0.0,2,1,1,50.0,0.4928114335300685,-0.03130980352580526
Traditional - Momentum,Rule-based,0.019296309959256908,0.014346010843494551,-0.05473423237288242,-0.0082459090794169,2.3401070486483495,0.3333333333333333,-0.0013062911265520171,50,45,5,0.0,0.0,0.0
Traditional - Mean Reversion,Rule-based,-0.027933762058606204,0.013501677377388385,-3.5728691556175725,-0.014774108795762658,-1.8907239986359006,0.21794871794871795,-0.0014855461709031958,36,3,33,0.0,0.0,0.0
Traditional - Pairs Trading,Rule-based,0.0061134559424160795,0.016679338854877983,-0.8254333964419093,-0.008967465139654653,0.6817373524411063,0.32051282051282054,-0.00160758022285864,44,23,21,0.0,0.0,0.0
LLM - LSTM,Deep Learning,0.031003989310092628,0.008843909695841926,1.195568287614033,-0.0015652231844598857,19.808030968306433,0.1282051282051282,-0.00024122956633494948,15,15,0,0.7564102564102564,0.0,0.75
LLM - GRU,Deep Learning,0.027875438354322046,0.00871930649660302,0.8639430817304689,-0.0015652231844598857,17.809241922225343,0.11538461538461539,-0.00024122956633494948,14,14,0,0.7564102564102564,0.0,1.0
