strategy,type,net_pnl,initial_capital,total_return_pct,annualized_return,volatility,sharpe_ratio,max_drawdown,calmar_ratio,win_rate,var_5pct,total_signals,buy_signals,sell_signals,hit_rate,information_coefficient,r2_score
ML - Linear,Machine Learning,1852.538746362753,100000,1.852538746362753,0.06109736331352611,0.021562736237749146,1.8337163522120836,-0.005900364057401052,10.354846365266116,0.47435897435897434,-0.0015677514712465813,66,31,35,25.0,-0.4643095578621949,-1.0831335859453772
ML - Ridge,Machine Learning,2093.0386770316336,100000,2.0930386770316334,0.06921346869281142,0.020714259481071584,2.2759103208960436,-0.0061808279177273445,11.198090225793056,0.44871794871794873,-0.0015677514712465813,65,61,4,37.5,-0.47519382327882564,-1.018228247736662
ML - Random_Forest,Machine Learning,2044.8830357045144,100000,2.0448830357045145,0.06758494943859983,0.02014517306198949,2.2639495102834486,-0.0061808279177273445,10.934611080945679,0.4358974358974359,-0.0014622397448507296,59,58,1,62.5,-0.4331705302731383,-0.9051206791710442
Traditional - Momentum,Rule-based,272.51071041483056,100000,0.27251071041483055,0.00883098282228234,0.017102267227893608,-0.6468914540124296,-0.009632301004430436,0.9168092668844625,0.38461538461538464,-0.0016066358435379846,55,44,11,0.0,0.0,0.0
Traditional - Mean Reversion,Rule-based,-328.60081330897685,100000,-0.32860081330897684,-0.010577475820512383,0.01399904756538381,-2.181349816171234,-0.012546445977819514,-0.8430655054994846,0.2564102564102564,-0.0016052476473614075,45,0,45,0.0,0.0,0.0
Traditional - Pairs Trading,Rule-based,166.48052008090275,100000,0.16648052008090275,0.005388595754896031,0.01738724497384904,-0.8325978002911485,-0.01054343355949657,0.5110854755700026,0.28205128205128205,-0.0019043330189805862,48,24,24,0.0,0.0,0.0
LLM - LSTM,Deep Learning,0.0,100000,0.0,0.0,0.0,0.0,0.0,0.0,0.0,0.0,0,0,0,0.5512820512820513,0.0,0.6666666865348816
LLM - GRU,Deep Learning,953.3558071402437,100000,0.9533558071402437,0.031129529894014185,0.013900208908871121,0.7735115438876805,-0.004786720767595129,6.503310179434972,0.21794871794871795,-0.001351275733049434,26,26,0,0.6666666666666665,0.0,0.0
DeepLOB + Transformer,Deep Learning,357501.64219166856,100000,357.50164219166857,3.575016421916686,0.025400616500985237,5.212754899953766,-0.00479428926166503,745.6806984291392,1.0,-0.0079105772817473,28,9,9,1.0,0.0,0.0
